{
      "O = Adam; B = 16; L = 2; N = 24": 3.853959560394287,
      "O = Adam; B = 16; L = 3; N = 24": 3.794339108467102,
      "O = Nadam; B = 16; L = 2; N = 24": 3.9033520936965944,
      "O = Nadam; B = 16; L = 3; N = 24": 3.9716728210449217
}