{
      "O = Adam; B = 16; L = 2; N = 24": 3.867183542251587,
      "O = Adam; B = 16; L = 2; N = 48": 3.7957441806793213,
      "O = Adam; B = 16; L = 3; N = 24": 3.600563383102417,
      "O = Adam; B = 16; L = 3; N = 48": 3.779918384552002,
      "O = Adam; B = 16; L = 5; N = 24": 3.783994197845459,
      "O = Adam; B = 16; L = 5; N = 48": 3.7826792716979982,
      "O = Adam; B = 32; L = 2; N = 24": 3.7822126388549804,
      "O = Adam; B = 32; L = 2; N = 48": 3.789324140548706,
      "O = Adam; B = 32; L = 3; N = 24": 3.68674054145813,
      "O = Adam; B = 32; L = 3; N = 48": 3.7554608821868896,
      "O = Adam; B = 32; L = 5; N = 24": 3.8300333499908445,
      "O = Adam; B = 32; L = 5; N = 48": 3.99518141746521,
      "O = Adam; B = 64; L = 2; N = 24": 3.7437711715698243,
      "O = Adam; B = 64; L = 2; N = 48": 3.789498281478882,
      "O = Adam; B = 64; L = 3; N = 24": 3.8186732292175294,
      "O = Adam; B = 64; L = 3; N = 48": 3.8840293407440187,
      "O = Adam; B = 64; L = 5; N = 24": 3.8348746299743652,
      "O = Adam; B = 64; L = 5; N = 48": 3.746776819229126,
      "O = Nadam; B = 16; L = 2; N = 24": 3.661415195465088,
      "O = Nadam; B = 16; L = 2; N = 48": 3.7424129009246827,
      "O = Nadam; B = 16; L = 3; N = 24": 3.691039800643921,
      "O = Nadam; B = 16; L = 3; N = 48": 3.820621109008789,
      "O = Nadam; B = 16; L = 5; N = 24": 3.926832389831543,
      "O = Nadam; B = 16; L = 5; N = 48": 3.8322327613830565,
      "O = Nadam; B = 32; L = 2; N = 24": 3.8595479488372804,
      "O = Nadam; B = 32; L = 2; N = 48": 3.7537004947662354,
      "O = Nadam; B = 32; L = 3; N = 24": 4.050950574874878,
      "O = Nadam; B = 32; L = 3; N = 48": 3.7789762020111084,
      "O = Nadam; B = 32; L = 5; N = 24": 3.7743526458740235,
      "O = Nadam; B = 32; L = 5; N = 48": 3.861619234085083,
      "O = Nadam; B = 64; L = 2; N = 24": 3.7889019012451173,
      "O = Nadam; B = 64; L = 2; N = 48": 3.7594447135925293,
      "O = Nadam; B = 64; L = 3; N = 24": 3.7525996208190917,
      "O = Nadam; B = 64; L = 3; N = 48": 3.8818684101104735,
      "O = Nadam; B = 64; L = 5; N = 24": 3.7533703804016114,
      "O = Nadam; B = 64; L = 5; N = 48": 3.72704701423645
}