{
      "O = Adam; B = 16; L = 1; N = 6": 5.384935760498047,
      "O = Adam; B = 16; L = 1; N = 12": 4.44245228767395,
      "O = Adam; B = 16; L = 1; N = 24": 3.891053485870361,
      "O = Adam; B = 16; L = 2; N = 6": 4.671549510955811,
      "O = Adam; B = 16; L = 2; N = 12": 4.187831974029541,
      "O = Adam; B = 16; L = 2; N = 24": 3.795841026306152,
      "O = Adam; B = 16; L = 5; N = 6": 4.753192615509033,
      "O = Adam; B = 16; L = 5; N = 12": 4.261310577392578,
      "O = Adam; B = 16; L = 5; N = 24": 3.7337623596191407,
      "O = Adam; B = 32; L = 1; N = 6": 4.606170749664306,
      "O = Adam; B = 32; L = 1; N = 12": 4.655026435852051,
      "O = Adam; B = 32; L = 1; N = 24": 3.7915713787078857,
      "O = Adam; B = 32; L = 2; N = 6": 4.9508356094360355,
      "O = Adam; B = 32; L = 2; N = 12": 4.740951347351074,
      "O = Adam; B = 32; L = 2; N = 24": 4.171033477783203,
      "O = Adam; B = 32; L = 5; N = 6": 4.647048377990723,
      "O = Adam; B = 32; L = 5; N = 12": 4.162838554382324,
      "O = Adam; B = 32; L = 5; N = 24": 3.8073548316955566,
      "O = Adam; B = 64; L = 1; N = 6": 4.789387798309326,
      "O = Adam; B = 64; L = 1; N = 12": 5.452509498596191,
      "O = Adam; B = 64; L = 1; N = 24": 4.6565920352935795,
      "O = Adam; B = 64; L = 2; N = 6": 5.315469074249267,
      "O = Adam; B = 64; L = 2; N = 12": 4.945028781890869,
      "O = Adam; B = 64; L = 2; N = 24": 3.998908281326294,
      "O = Adam; B = 64; L = 5; N = 6": 4.628161525726318,
      "O = Adam; B = 64; L = 5; N = 12": 4.627353954315185,
      "O = Adam; B = 64; L = 5; N = 24": 4.0289954662323,
      "O = Nadam; B = 16; L = 1; N = 6": 4.747984552383423,
      "O = Nadam; B = 16; L = 1; N = 12": 3.881971073150635,
      "O = Nadam; B = 16; L = 1; N = 24": 3.8316446781158446,
      "O = Nadam; B = 16; L = 2; N = 6": 4.658098554611206,
      "O = Nadam; B = 16; L = 2; N = 12": 3.8489709854125977,
      "O = Nadam; B = 16; L = 2; N = 24": 3.7082354545593263,
      "O = Nadam; B = 16; L = 5; N = 6": 4.298910808563233,
      "O = Nadam; B = 16; L = 5; N = 12": 3.8379058837890625,
      "O = Nadam; B = 16; L = 5; N = 24": 3.9479557514190673,
      "O = Nadam; B = 32; L = 1; N = 6": 4.731644058227539,
      "O = Nadam; B = 32; L = 1; N = 12": 4.313716697692871,
      "O = Nadam; B = 32; L = 1; N = 24": 4.008237028121949,
      "O = Nadam; B = 32; L = 2; N = 6": 4.411208152770996,
      "O = Nadam; B = 32; L = 2; N = 12": 3.7502471923828127,
      "O = Nadam; B = 32; L = 2; N = 24": 3.8515040397644045,
      "O = Nadam; B = 32; L = 5; N = 6": 5.152839279174804,
      "O = Nadam; B = 32; L = 5; N = 12": 4.024815225601197,
      "O = Nadam; B = 32; L = 5; N = 24": 3.870815563201904,
      "O = Nadam; B = 64; L = 1; N = 6": 4.782042789459228,
      "O = Nadam; B = 64; L = 1; N = 12": 4.184059143066406,
      "O = Nadam; B = 64; L = 1; N = 24": 4.317277193069458,
      "O = Nadam; B = 64; L = 2; N = 6": 5.340000057220459,
      "O = Nadam; B = 64; L = 2; N = 12": 3.9269839763641357,
      "O = Nadam; B = 64; L = 2; N = 24": 3.6798017978668214,
      "O = Nadam; B = 64; L = 5; N = 6": 5.146809387207031,
      "O = Nadam; B = 64; L = 5; N = 12": 3.8109536170959473,
      "O = Nadam; B = 64; L = 5; N = 24": 3.7928397178649904
}